{
  "project_info": {
    "project_number": "802250332533",
    "project_id": "socialmedia-53a53",
    "storage_bucket": "socialmedia-53a53.firebasestorage.app"
  },
  "client": [
    {
      "client_info": {
        "mobilesdk_app_id": "1:802250332533:android:1495eba0a705c60e22db3c",
        "android_client_info": {
          "package_name": "com.example.socialapp"
        }
      },
      "oauth_client": [],
      "api_key": [
        {
          "current_key": "AIzaSyBCTNYnPa9mWSwGMaRJorJI0QEoWlFvpYM"
        }
      ],
      "services": {
        "appinvite_service": {
          "other_platform_oauth_client": []
        }
      }
    }
  ],
  "configuration_version": "1"
}