{"flutter":{"platforms":{"android":{"default":{"projectId":"socialmedia-53a53","appId":"1:802250332533:android:1495eba0a705c60e22db3c","fileOutput":"android/app/google-services.json"}},"dart":{"lib/firebase_options.dart":{"projectId":"socialmedia-53a53","configurations":{"android":"1:802250332533:android:1495eba0a705c60e22db3c","ios":"1:802250332533:ios:a3018535109926e722db3c","macos":"1:802250332533:ios:a3018535109926e722db3c","web":"1:802250332533:web:f7b0d58d43dad6ca22db3c","windows":"1:802250332533:web:35a5c1c9beec3e8c22db3c"}}}}}}